{"accuracy": [0.9976350160099443, 0.9960210490092054, 0.9971617515638963, 0.9969729096834763, 0.9975136268942096, 0.9974101870737971, 0.9978154908030028, 0.9973506372452363, 0.9980867981963272, 0.9972873640550687], "macro_f1": [0.9636691456562805, 0.9363339877335748, 0.95630385566044, 0.9526782404438295, 0.9620192635853544, 0.9598838159890701, 0.9668266385476098, 0.9595653286192296, 0.9711140128406435, 0.9579620713117039], "macro_precision": [0.9958505798674846, 0.9935690254955519, 0.9913219274649224, 0.9949122232106299, 0.9917701832388877, 0.99787202235217, 0.9916186002925853, 0.991511031789339, 0.9930457768877876, 0.9978044903647316], "macro_recall": [0.9355344494730766, 0.8913283362599339, 0.9260917095197856, 0.9172858315384351, 0.9357719177604509, 0.927447365397651, 0.9444933847484458, 0.9316435591272343, 0.9511125751422, 0.9242052101775443], "cls_0_precision": [0.9976919431451073, 0.9960917475886991, 0.9973463053382462, 0.9970359848827982, 0.9976988501498465, 0.997395767214958, 0.9980188355235805, 0.9975381926109361, 0.9982543136163538, 0.997271293719252], "cls_1_precision": [0.9940092165898617, 0.9910463034024047, 0.9852975495915987, 0.9927884615384616, 0.9858415163279287, 0.9983482774893818, 0.9852183650615901, 0.9854838709677419, 0.9878372401592216, 0.9983376870102113], "cls_0_recall": [0.999905732548738, 0.9998722716307993, 0.9997707398552386, 0.9998909840146227, 0.9997748532914996, 0.9999745448991615, 0.999760976086744, 0.9997700578870145, 0.9998009078601576, 0.9999744970453005], "cls_1_recall": [0.8711631663974152, 0.7827844008890685, 0.8524126791843327, 0.8346806790622474, 0.8717689822294022, 0.8549201858961406, 0.8892257934101475, 0.863517060367454, 0.9024242424242425, 0.8484359233097881], "cls_0_f1": [0.998797611157589, 0.9979784292941987, 0.9985570510047941, 0.9984614435578392, 0.9987357729107151, 0.9986834913446365, 0.9988891461984919, 0.9986528782650385, 0.9990270121677735, 0.9986210660360196], "cls_1_f1": [0.928540680154972, 0.874689546172951, 0.9140506603160857, 0.9068950373298199, 0.9253027542599935, 0.9210841406335039, 0.9347641308967276, 0.9204777789734209, 0.9432010135135135, 0.9173030765873882], "accuracy_orig": [0.9966335033302678, 0.9971407072987208, 0.9971351336287378, 0.9970961179388569, 0.996761