{"accuracy": [0.9786442313113533, 0.9784184359463431, 0.9800378322852203, 0.9784391932570741, 0.9786023987837152, 0.9784082507299591, 0.9792662878716848, 0.9792796342508334, 0.9785722341265366, 0.9793891172036756], "macro_f1": [0.8143373504374547, 0.39986833821926177, 0.5401513184367294, 0.5339392269963966, 0.5233485660786922, 0.523854726147889, 0.39947065191171527, 0.7901033954352135, 0.5443240858300901, 0.8131140737253064], "macro_precision": [0.8569761997979011, 0.43640166152568055, 0.6012993563969516, 0.5817919209554332, 0.6042876893914629, 0.5993460604267485, 0.44968435399549866, 0.9195469419787011, 0.5687783080842103, 0.8759171996081222], "macro_recall": [0.7813899671647635, 0.37593976410768537, 0.502790401559223, 0.5023672627402248, 0.4811255261902539, 0.48312947190059513, 0.3703352743406635, 0.7240361714846322, 0.5247833484570511, 0.7693025286232249], "cls_0_precision": [0.9853224935038205, 0.9833393026171046, 0.9834394089615249, 0.9834043262939108, 0.9812841208059677, 0.9814620943237239, 0.9825725982323908, 0.9814388104543545, 0.9857192526108399, 0.9845037219254077], "cls_1_precision": [0.7286299060919817, 0.7622673434856176, 0.8204586602293301, 0.7619714365723886, 0.8315789473684211, 0.8165760869565217, 0.8161648177496038, 0.8576550735030477, 0.7206156716417911, 0.7673306772908367], "cls_0_recall": [0.9926970405842368, 0.9945277075234319, 0.9961255377598093, 0.9944793315514959, 0.9968807232580263, 0.996487134616631, 0.9962242925397451, 0.9974318003920224, 0.9922098795836628, 0.994332261466495], "cls_1_recall": [0.5700828937452901, 0.5092313489073097, 0.5122456669178599, 0.5126224566691786, 0.4464958553127355, 0.4529012810851545, 0.4851168048229088, 0.4506405425772419, 0.5821401657874906, 0.5442727957799548], "cls_0_f1": [0.9889960199743704, 0.9889018597665885, 0.9897418235542151, 0.9889108221086855, 0.9890209372652503, 0.9889175473239382, 0.9893513539543171, 0.9893706787301282, 0.9889539165148638, 0.9893935833593531], "cls_1_f1": [0.639678680900539, 0.6105714931104586, 0.6307121317559731, 0.6129068588805046, 0.5810247609708262, 0.5826466311197286, 0.608531253692544, 0.5908361121402989, 0.6440183409754064, 0.6368345640912598], "accuracy_orig": [0.9971685756486358, 0.9971016916088399, 0.9971351336287378, 0.9971072652788229, 0.9970961179388569, 0.9970905442688739, 0.9971462809687038, 0.9971239862887719, 0.9970905442688739, 0.9970905442688739], "macro_f1_orig": [0.9023957927577348, 0.8984703473015324, 0.9012465441204809, 0.9029684938613489, 0.900706427570261, 0.8954485522901396, 0.9001122754454866, 0.899078335883018, 0.8985941403187904, 0.9001501864653336], "macro_precision_orig": [0.956149442581706, 0.9494424031860511, 0.9506056089162622, 0.950253314932361, 0.9511441843767184, 0.9575469427861045, 0.9524979955763611, 0.9507412071774086, 0.9512032025526777, 0.959336506819804], "macro_recall_orig": [0.8629933015819338, 0.860924621731766, 0.8643329757993221, 0.8674431419291926, 0.8630812378713102, 0.8523815928049296, 0.8618704837368997, 0.86081132064635, 0.8606733114303344, 0.8576265028118191], "cls_0_precision_orig": [0.998599656801134, 0.9986568089454229, 0.9985996166163523, 0.9986568089454229, 0.9986167312383413, 0.9985995442779331, 0.9986568706233497, 0.9985881461670464, 0.9986510688127109, 0.9985480381297813], "cls_1_precision_orig": [0.947312058256586, 0.943404255319149, 0.946455343756693, 0.9435329213722565, 0.9441007040751014, 0.9441840647635279, 0.9447878917075251, 0.946287181682003, 0.9431552054502874, 0.945668449197861], "cls_2_precision_orig": [0.9762470308788599, 0.9761904761904762, 0.9764150943396226, 0.9764705882352941, 0.9809069212410502, 0.9783132530120482, 0.976303317535545, 0.9785714285714285, 0.9741176470588235, 0.9806295399515739], "cls_3_precision_orig