{"accuracy": [0.9832989405415812, 0.9809689416992706, 0.9831593841837291, 0.9776025898504241, 0.98448045208857, 0.9808546844089545, 0.9803395459084838, 0.97924064956483, 0.9778549874367328, 0.9823447217074766], "macro_f1": [0.5878144306432164, 0.5730592325996272, 0.5884144070910319, 0.5509952472790124, 0.5951006387689329, 0.5716036809459893, 0.56941395015597, 0.5644944679599491, 0.5526751497409376, 0.5832364651360691], "macro_precision": [0.6339943892157827, 0.6358365145248155, 0.6299920537799614, 0.6280293113634546, 0.6317456184249312, 0.6362553938660939, 0.6319624291725082, 0.6240183863535309, 0.6296374723568323, 0.6273480964112207], "macro_recall": [0.5547674938019402, 0.53314745124668, 0.5577860587026947, 0.5075825842501628, 0.5670574554296244, 0.5310244490574337, 0.5298200179961657, 0.5264435360288192, 0.5091376840262053, 0.5514294376603189], "cls_0_precision": [0.9854302333521637, 0.9825695479384003, 0.9857652356949675, 0.9794424573177477, 0.9871109401942663, 0.9823898826816333, 0.9822339892488416, 0.9817927430987624, 0.9795998865975569, 0.9850851569462323], "cls_1_precision": [0.9165529342951843, 0.9249399956360462, 0.9042109256449166, 0.9046454767726161, 0.9081259150805271, 0.9263762989166482, 0.9136532982686829, 0.8902624159618304, 0.90931253047294, 0.8969591322874297], "cls_2_precision": [0.0, 0.0, 0.0, 0.0, 0.0, 0.0, 0.0, 0.0, 0.0, 0.0], "cls_0_recall": [0.9973047515533804, 0.997824414483724, 0.9968041028750442, 0.9975525788683025, 0.9968430547203848, 0.9979028926268467, 0.9975247991255128, 0.9968132248027908, 0.9976587558138805, 0.9966626384566738], "cls_1_recall": [0.666997