{"accuracy": [0.985154712931497], "macro_f1": [0.40676715287375964], "macro_precision": [0.4424574935665676], "macro_recall": [0.3826251844662908], "cls_0_precision": [0.988884216269052], "cls_1_precision": [0.7809457579972183], "cls_2_precision": [0.0], "cls_3_precision": [0.0], "cls_0_recall": [0.9959933604258485], "cls_1_recall": [0.5345073774393146], "cls_2_recall": [0.0], "cls_3_recall": [0.0], "cls_0_f1": [0.9924260571011418], "cls_1_f1": [0.6346425543938966], "cls_2_f1": [0.0], "cls_3_f1": [0.0], "a